configuration,mode,confidence_threshold,main_margin,alpha,include_moderate,invoked_cells,head_applications,positive_folds,accuracy,macro_f1,log_loss,anchor_wrong_decoder_right,anchor_right_decoder_wrong,net_corrections,changed_predictions
rare_reference_c0.9_m1.5_a2_moderate0,rare_reference,0.9,1.5,2.0,False,15,15,3,0.824,0.795084248828177,0.5450422763824463,9,4,5,15
rare_reference_c0.9_m1.5_a4_moderate0,rare_reference,0.9,1.5,4.0,False,15,15,3,0.824,0.795084248828177,0.5505048036575317,9,4,5,15
rare_reference_c0.9_m1.5_a8_moderate0,rare_reference,0.9,1.5,8.0,False,15,15,3,0.824,0.795084248828177,0.5619325041770935,9,4,5,15
competition_only_c0.9_m1.5_a2_moderate0,competition_only,0.9,1.5,2.0,False,16,16,3,0.824,0.7950430924445621,0.5452883839607239,9,4,5,16
competition_only_c0.9_m1.5_a4_moderate0,competition_only,0.9,1.5,4.0,False,16,16,3,0.824,0.7950430924445621,0.5514602661132812,9,4,5,16
competition_only_c0.9_m1.5_a8_moderate0,competition_only,0.9,1.5,8.0,False,16,16,3,0.824,0.7950430924445621,0.5638935565948486,9,4,5,16
rare_reference_c0.9_m1_a2_moderate0,rare_reference,0.9,1.0,2.0,False,17,17,3,0.8238,0.7950535256008965,0.5461490154266357,9,5,4,17
rare_reference_c0.9_m1_a4_moderate0,rare_reference,0.9,1.0,4.0,False,17,17,3,0.8238,0.7950535256008965,0.553186297416687,9,5,4,17
rare_reference_c0.9_m1_a8_moderate0,rare_reference,0.9,1.0,8.0,False,17,17,3,0.8238,0.7950535256008965,0.5678002238273621,9,5,4,17
rare_reference_c0.975_m0.5_a2_moderate0,rare_reference,0.975,0.5,2.0,False,5,5,3,0.8238,0.7950480640740236,0.5431830883026123,4,0,4,5
rare_reference_c0.975_m0.5_a4_moderate0,rare_reference,0.975,0.5,4.0,False,5,5,3,0.8238,0.7950480640740236,0.5439069271087646,4,0,4,5
rare_reference_c0.975_m0.5_a8_moderate0,rare_reference,0.975,0.5,8.0,False,5,5,3,0.8238,0.7950480640740236,0.5455051064491272,4,0,4,5
rare_reference_c0.975_m1_a2_moderate0,rare_reference,0.975,1.0,2.0,False,5,5,3,0.8238,0.7950480640740236,0.5431830883026123,4,0,4,5
rare_reference_c0.975_m1_a4_moderate0,rare_reference,0.975,1.0,4.0,False,5,5,3,0.8238,0.7950480640740236,0.5439069271087646,4,0,4,5
rare_reference_c0.975_m1_a8_moderate0,rare_reference,0.975,1.0,8.0,False,5,5,3,0.8238,0.7950480640740236,0.5455051064491272,4,0,4,5
rare_reference_c0.975_m1.5_a2_moderate0,rare_reference,0.975,1.5,2.0,False,5,5,3,0.8238,0.7950480640740236,0.5431830883026123,4,0,4,5
rare_reference_c0.975_m1.5_a4_moderate0,rare_reference,0.975,1.5,4.0,False,5,5,3,0.8238,0.7950480640740236,0.5439069271087646,4,0,4,5
rare_reference_c0.975_m1.5_a8_moderate0,rare_reference,0.975,1.5,8.0,False,5,5,3,0.8238,0.7950480640740236,0.5455051064491272,4,0,4,5
competition_only_c0.95_m1.5_a2_moderate0,competition_only,0.95,1.5,2.0,False,7,7,3,0.8238,0.7950143083899944,0.5440273880958557,5,1,4,7
competition_only_c0.95_m1.5_a4_moderate0,competition_only,0.95,1.5,4.0,False,7,7,3,0.8238,0.7950143083899944,0.5463086366653442,5,1,4,7
competition_only_c0.95_m1.5_a8_moderate0,competition_only,0.95,1.5,8.0,False,7,7,3,0.8238,0.7950143083899944,0.5506835579872131,5,1,4,7
rare_reference_c0.95_m1_a2_moderate0,rare_reference,0.95,1.0,2.0,False,7,7,3,0.8238,0.7950143083899944,0.5438738465309143,5,1,4,7
rare_reference_c0.95_m1_a4_moderate0,rare_reference,0.95,1.0,4.0,False,7,7,3,0.8238,0.7950143083899944,0.5459334254264832,5,1,4,7
rare_reference_c0.95_m1_a8_moderate0,rare_reference,0.95,1.0,8.0,False,7,7,3,0.8238,0.7950143083899944,0.5503515005111694,5,1,4,7
rare_reference_c0.95_m1.5_a2_moderate0,rare_reference,0.95,1.5,2.0,False,7,7,3,0.8238,0.7950143083899944,0.5438738465309143,5,1,4,7
rare_reference_c0.95_m1.5_a4_moderate0,rare_reference,0.95,1.5,4.0,False,7,7,3,0.8238,0.7950143083899944,0.5459334254264832,5,1,4,7
rare_reference_c0.95_m1.5_a8_moderate0,rare_reference,0.95,1.5,8.0,False,7,7,3,0.8238,0.7950143083899944,0.5503515005111694,5,1,4,7
rare_reference_c0.9_m1.5_a1_moderate0,rare_reference,0.9,1.5,1.0,False,15,15,3,0.8238,0.7942335747085119,0.5432272553443909,8,4,4,14
competition_only_c0.9_m1.5_a1_moderate0,competition_only,0.9,1.5,1.0,False,16,16,3,0.8238,0.7941919674143958,0.5432135462760925,8,4,4,15
rare_reference_c0.95_m0.5_a2_moderate0,rare_reference,0.95,0.5,2.0,False,9,9,3,0.8236,0.7949839321024935,0.5449500679969788,5,2,3,9
rare_reference_c0.95_m0.5_a4_moderate0,rare_reference,0.95,0.5,4.0,False,9,9,3,0.8236,0.7949839321024935,0.5488417744636536,5,2,3,9
rare_reference_c0.95_m0.5_a8_moderate0,rare_reference,0.95,0.5,8.0,False,9,9,3,0.8236,0.7949839321024935,0.5570088624954224,5,2,3,9
competition_only_c0.975_m0.5_a2_moderate0,competition_only,0.975,0.5,2.0,False,6,6,3,0.8236,0.7949836793718105,0.5441704988479614,4,1,3,6
competition_only_c0.975_m0.5_a4_moderate0,competition_only,0.975,0.5,4.0,False,6,6,3,0.8236,0.7949836793718105,0.5464521646499634,4,1,3,6
competition_only_c0.975_m0.5_a8_moderate0,competition_only,0.975,0.5,8.0,False,6,6,3,0.8236,0.7949836793718105,0.5508270263671875,4,1,3,6
competition_only_c0.975_m1_a2_moderate0,competition_only,0.975,1.0,2.0,False,6,6,3,0.8236,0.7949836793718105,0.5441704988479614,4,1,3,6
competition_only_c0.975_m1_a4_moderate0,competition_only,0.975,1.0,4.0,False,6,6,3,0.8236,0.7949836793718105,0.5464521646499634,4,1,3,6
competition_only_c0.975_m1_a8_moderate0,competition_only,0.975,1.0,8.0,False,6,6,3,0.8236,0.7949836793718105,0.5508270263671875,4,1,3,6
competition_only_c0.975_m1.5_a2_moderate0,competition_only,0.975,1.5,2.0,False,6,6,3,0.8236,0.7949836793718105,0.5441704988479614,4,1,3,6
competition_only_c0.975_m1.5_a4_moderate0,competition_only,0.975,1.5,4.0,False,6,6,3,0.8236,0.7949836793718105,0.5464521646499634,4,1,3,6
competition_only_c0.975_m1.5_a8_moderate0,competition_only,0.975,1.5,8.0,False,6,6,3,0.8236,0.7949836793718105,0.5508270263671875,4,1,3,6
rare_reference_c0.975_m1_a2_moderate1,rare_reference,0.975,1.0,2.0,True,7,7,3,0.8236,0.794969098677786,0.5451496839523315,4,1,3,7
rare_reference_c0.975_m1_a4_moderate1,rare_reference,0.975,1.0,4.0,True,7,7,3,0.8236,0.794969098677786,0.5482698678970337,4,1,3,7
rare_reference_c0.975_m1_a8_moderate1,rare_reference,0.975,1.0,8.0,True,7,7,3,0.8236,0.794969098677786,0.553942859172821,4,1,3,7
rare_reference_c0.975_m1.5_a2_moderate1,rare_reference,0.975,1.5,2.0,True,7,7,3,0.8236,0.794969098677786,0.5451496839523315,4,1,3,7
rare_reference_c0.975_m1.5_a4_moderate1,rare_reference,0.975,1.5,4.0,True,7,7,3,0.8236,0.794969098677786,0.5482698678970337,4,1,3,7
rare_reference_c0.975_m1.5_a8_moderate1,rare_reference,0.975,1.5,8.0,True,7,7,3,0.8236,0.794969098677786,0.553942859172821,4,1,3,7
rare_reference_c0.9_m1.5_a2_moderate1,rare_reference,0.9,1.5,2.0,True,18,18,3,0.8236,0.7949522461820538,0.5477770566940308,9,6,3,18
rare_reference_c0.9_m1.5_a4_moderate1,rare_reference,0.9,1.5,4.0,True,18,18,3,0.8236,0.7949522461820538,0.5569256544113159,9,6,3,18
rare_reference_c0.9_m1.5_a8_moderate1,rare_reference,0.9,1.5,8.0,True,18,18,3,0.8236,0.7949522461820538,0.5751437544822693,9,6,3,18
competition_only_c0.95_m1_a2_moderate0,competition_only,0.95,1.0,2.0,False,8,8,3,0.8236,0.7949503515748177,0.5449657440185547,5,2,3,8
competition_only_c0.95_m1_a4_moderate0,competition_only,0.95,1.0,4.0,False,8,8,3,0.8236,0.7949503515748177,0.548524022102356,5,2,3,8
competition_only_c0.95_m1_a8_moderate0,competition_only,0.95,1.0,8.0,False,8,8,3,0.8236,0.7949503515748177,0.5554941892623901,5,2,3,8
competition_only_c0.9_m1.5_a2_moderate1,competition_only,0.9,1.5,2.0,True,19,19,3,0.8236,0.7949110897984389,0.5480230450630188,9,6,3,19
competition_only_c0.9_m1.5_a4_moderate1,competition_only,0.9,1.5,4.0,True,19,19,3,0.8236,0.7949110897984389,0.5578811764717102,9,6,3,19
competition_only_c0.9_m1.5_a8_moderate1,competition_only,0.9,1.5,8.0,True,19,19,3,0.8236,0.7949110897984389,0.5771048069000244,9,6,3,19
rare_reference_c0.9_m1_a1_moderate0,rare_reference,0.9,1.0,1.0,False,17,17,3,0.8236,0.7942029194309453,0.5436214804649353,8,5,3,16
competition_only_c0.95_m1.5_a1_moderate0,competition_only,0.95,1.5,1.0,False,7,7,3,0.8236,0.7941637905417192,0.5433865189552307,4,1,3,6
rare_reference_c0.95_m1_a1_moderate0,rare_reference,0.95,1.0,1.0,False,7,7,3,0.8236,0.7941637905417192,0.5433480739593506,4,1,3,6
rare_reference_c0.95_m1.5_a1_moderate0,rare_reference,0.95,1.5,1.0,False,7,7,3,0.8236,0.7941637905417192,0.5433480739593506,4,1,3,6
rare_reference_c0.975_m0.5_a1_moderate0,rare_reference,0.975,0.5,1.0,False,5,5,3,0.8236,0.7941636740435484,0.5431560277938843,3,0,3,4
rare_reference_c0.975_m1_a1_moderate0,rare_reference,0.975,1.0,1.0,False,5,5,3,0.8236,0.7941636740435484,0.5431560277938843,3,0,3,4
rare_reference_c0.975_m1.5_a1_moderate0,rare_reference,0.975,1.5,1.0,False,5,5,3,0.8236,0.7941636740435484,0.5431560277938843,3,0,3,4
rare_reference_c0.9_m0.5_a2_moderate0,rare_reference,0.9,0.5,2.0,False,22,22,3,0.8234,0.7949877720403029,0.5484654307365417,9,7,2,22
rare_reference_c0.9_m0.5_a4_moderate0,rare_reference,0.9,0.5,4.0,False,22,22,3,0.8234,0.7949877720403029,0.5594097375869751,9,7,2,22
rare_reference_c0.9_m0.5_a8_moderate0,rare_reference,0.9,0.5,8.0,False,22,22,3,0.8234,0.7949877720403029,0.5820095539093018,9,7,2,22
competition_only_c0.95_m0.5_a2_moderate0,competition_only,0.95,0.5,2.0,False,10,10,3,0.8234,0.7949199559559834,0.5460419654846191,5,3,2,10
competition_only_c0.95_m0.5_a4_moderate0,competition_only,0.95,0.5,4.0,False,10,10,3,0.8234,0.7949199559559834,0.5514324307441711,5,3,2,10
competition_only_c0.95_m0.5_a8_moderate0,competition_only,0.95,0.5,8.0,False,10,10,3,0.8234,0.7949199559559834,0.5621515512466431,5,3,2,10
competition_only_c0.975_m1_a2_moderate1,competition_only,0.975,1.0,2.0,True,8,8,3,0.8234,0.7949047139755729,0.5461370348930359,4,2,2,8
competition_only_c0.975_m1_a4_moderate1,competition_only,0.975,1.0,4.0,True,8,8,3,0.8234,0.7949047139755729,0.5508151650428772,4,2,2,8
competition_only_c0.975_m1_a8_moderate1,competition_only,0.975,1.0,8.0,True,8,8,3,0.8234,0.7949047139755729,0.5592648386955261,4,2,2,8
competition_only_c0.975_m1.5_a2_moderate1,competition_only,0.975,1.5,2.0,True,8,8,3,0.8234,0.7949047139755729,0.5461370348930359,4,2,2,8
competition_only_c0.975_m1.5_a4_moderate1,competition_only,0.975,1.5,4.0,True,8,8,3,0.8234,0.7949047139755729,0.5508151650428772,4,2,2,8
competition_only_c0.975_m1.5_a8_moderate1,competition_only,0.975,1.5,8.0,True,8,8,3,0.8234,0.7949047139755729,0.5592648386955261,4,2,2,8
competition_only_c0.9_m1_a2_moderate0,competition_only,0.9,1.0,2.0,False,20,20,3,0.8234,0.7948856219626363,0.5480605363845825,9,7,2,20
competition_only_c0.9_m1_a4_moderate0,competition_only,0.9,1.0,4.0,False,20,20,3,0.8234,0.7948856219626363,0.5580260157585144,9,7,2,20
competition_only_c0.9_m1_a8_moderate0,competition_only,0.9,1.0,8.0,False,20,20,3,0.8234,0.7948856219626363,0.5781441330909729,9,7,2,20
competition_only_c0.95_m1.5_a2_moderate1,competition_only,0.95,1.5,2.0,True,10,10,2,0.8234,0.7948823525178487,0.5467621088027954,5,3,2,10
competition_only_c0.95_m1.5_a4_moderate1,competition_only,0.95,1.5,4.0,True,10,10,2,0.8234,0.7948823525178487,0.5527295470237732,5,3,2,10
competition_only_c0.95_m1.5_a8_moderate1,competition_only,0.95,1.5,8.0,True,10,10,2,0.8234,0.7948823525178487,0.5638947486877441,5,3,2,10
rare_reference_c0.95_m1.5_a2_moderate1,rare_reference,0.95,1.5,2.0,True,10,10,2,0.8234,0.7948823525178487,0.546608567237854,5,3,2,10
rare_reference_c0.95_m1.5_a4_moderate1,rare_reference,0.95,1.5,4.0,True,10,10,2,0.8234,0.7948823525178487,0.5523542761802673,5,3,2,10
rare_reference_c0.95_m1.5_a8_moderate1,rare_reference,0.95,1.5,8.0,True,10,10,2,0.8234,0.7948823525178487,0.5635626912117004,5,3,2,10
rare_reference_c0.975_m0.5_a2_moderate1,rare_reference,0.975,0.5,2.0,True,9,9,2,0.8234,0.7948770176464783,0.5468824505805969,4,2,2,9
rare_reference_c0.975_m0.5_a4_moderate1,rare_reference,0.975,0.5,4.0,True,9,9,2,0.8234,0.7948770176464783,0.552278995513916,4,2,2,9
rare_reference_c0.975_m0.5_a8_moderate1,rare_reference,0.975,0.5,8.0,True,9,9,2,0.8234,0.7948770176464783,0.5622203946113586,4,2,2,9
rare_reference_c0.9_m1_a2_moderate1,rare_reference,0.9,1.0,2.0,True,26,26,3,0.8234,0.7948714208703165,0.5497259497642517,11,9,2,26
rare_reference_c0.9_m1_a4_moderate1,rare_reference,0.9,1.0,4.0,True,26,26,3,0.8234,0.7948714208703165,0.563392162322998,11,9,2,26
rare_reference_c0.9_m1_a8_moderate1,rare_reference,0.9,1.0,8.0,True,26,26,3,0.8234,0.7948714208703165,0.5913722515106201,11,9,2,26
rare_reference_c0.95_m1_a2_moderate1,rare_reference,0.95,1.0,2.0,True,13,13,1,0.8234,0.7948571768386973,0.5472772717475891,6,4,2,13
rare_reference_c0.95_m1_a4_moderate1,rare_reference,0.95,1.0,4.0,True,13,13,1,0.8234,0.7948571768386973,0.5548837184906006,6,4,2,13
rare_reference_c0.95_m1_a8_moderate1,rare_reference,0.95,1.0,8.0,True,13,13,1,0.8234,0.7948571768386973,0.5699885487556458,6,4,2,13
competition_only_c0.99_m0.5_a1_moderate0,competition_only,0.99,0.5,1.0,False,4,4,3,0.8234,0.7941408079237581,0.5439097881317139,3,1,2,4
competition_only_c0.99_m1_a1_moderate0,competition_only,0.99,1.0,1.0,False,4,4,3,0.8234,0.7941408079237581,0.5439097881317139,3,1,2,4
competition_only_c0.99_m1.5_a1_moderate0,competition_only,0.99,1.5,1.0,False,4,4,3,0.8234,0.7941408079237581,0.5439097881317139,3,1,2,4
rare_reference_c0.95_m0.5_a1_moderate0,rare_reference,0.95,0.5,1.0,False,9,9,3,0.8234,0.7941334142542184,0.5436587929725647,4,2,2,8
competition_only_c0.975_m0.5_a1_moderate0,competition_only,0.975,0.5,1.0,False,6,6,3,0.8234,0.7941331615235352,0.5435226559638977,3,1,2,5
competition_only_c0.975_m1_a1_moderate0,competition_only,0.975,1.0,1.0,False,6,6,3,0.8234,0.7941331615235352,0.5435226559638977,3,1,2,5
competition_only_c0.975_m1.5_a1_moderate0,competition_only,0.975,1.5,1.0,False,6,6,3,0.8234,0.7941331615235352,0.5435226559638977,3,1,2,5
competition_only_c0.99_m0.5_a2_moderate0,competition_only,0.99,0.5,2.0,False,4,4,3,0.8234,0.794106935741558,0.5444207787513733,3,1,2,4
competition_only_c0.99_m0.5_a4_moderate0,competition_only,0.99,0.5,4.0,False,4,4,3,0.8234,0.794106935741558,0.5459560751914978,3,1,2,4
competition_only_c0.99_m0.5_a8_moderate0,competition_only,0.99,0.5,8.0,False,4,4,3,0.8234,0.794106935741558,0.5487321019172668,3,1,2,4
competition_only_c0.99_m1_a2_moderate0,competition_only,0.99,1.0,2.0,False,4,4,3,0.8234,0.794106935741558,0.5444207787513733,3,1,2,4
competition_only_c0.99_m1_a4_moderate0,competition_only,0.99,1.0,4.0,False,4,4,3,0.8234,0.794106935741558,0.5459560751914978,3,1,2,4
competition_only_c0.99_m1_a8_moderate0,competition_only,0.99,1.0,8.0,False,4,4,3,0.8234,0.794106935741558,0.5487321019172668,3,1,2,4
competition_only_c0.99_m1.5_a2_moderate0,competition_only,0.99,1.5,2.0,False,4,4,3,0.8234,0.794106935741558,0.5444207787513733,3,1,2,4
competition_only_c0.99_m1.5_a4_moderate0,competition_only,0.99,1.5,4.0,False,4,4,3,0.8234,0.794106935741558,0.5459560751914978,3,1,2,4
competition_only_c0.99_m1.5_a8_moderate0,competition_only,0.99,1.5,8.0,False,4,4,3,0.8234,0.794106935741558,0.5487321019172668,3,1,2,4
rare_reference_c0.9_m1.5_a1_moderate1,rare_reference,0.9,1.5,1.0,True,18,18,2,0.8234,0.7941015611814136,0.5443066954612732,8,6,2,17
competition_only_c0.95_m1_a1_moderate0,competition_only,0.95,1.0,1.0,False,8,8,3,0.8234,0.7940993828160415,0.5437571406364441,4,2,2,7
rare_reference_c0.975_m1_a1_moderate1,rare_reference,0.975,1.0,1.0,True,7,7,2,0.8234,0.7940846937926334,0.5439541935920715,3,1,2,6
rare_reference_c0.975_m1.5_a1_moderate1,rare_reference,0.975,1.5,1.0,True,7,7,2,0.8234,0.7940846937926334,0.5439541935920715,3,1,2,6
competition_only_c0.9_m1.5_a1_moderate1,competition_only,0.9,1.5,1.0,True,19,19,2,0.8234,0.7940599538872977,0.5442930459976196,8,6,2,18
rare_reference_c0.99_m0.5_a1_moderate0,rare_reference,0.99,0.5,1.0,False,2,2,2,0.8234,0.7931950490401809,0.5437828898429871,2,0,2,2
rare_reference_c0.99_m0.5_a2_moderate0,rare_reference,0.99,0.5,2.0,False,2,2,2,0.8234,0.7931950490401809,0.5437045693397522,2,0,2,2
rare_reference_c0.99_m0.5_a4_moderate0,rare_reference,0.99,0.5,4.0,False,2,2,2,0.8234,0.7931950490401809,0.5436927676200867,2,0,2,2
rare_reference_c0.99_m0.5_a8_moderate0,rare_reference,0.99,0.5,8.0,False,2,2,2,0.8234,0.7931950490401809,0.5436925888061523,2,0,2,2
rare_reference_c0.99_m1_a1_moderate0,rare_reference,0.99,1.0,1.0,False,2,2,2,0.8234,0.7931950490401809,0.5437828898429871,2,0,2,2
rare_reference_c0.99_m1_a2_moderate0,rare_reference,0.99,1.0,2.0,False,2,2,2,0.8234,0.7931950490401809,0.5437045693397522,2,0,2,2
rare_reference_c0.99_m1_a4_moderate0,rare_reference,0.99,1.0,4.0,False,2,2,2,0.8234,0.7931950490401809,0.5436927676200867,2,0,2,2
rare_reference_c0.99_m1_a8_moderate0,rare_reference,0.99,1.0,8.0,False,2,2,2,0.8234,0.7931950490401809,0.5436925888061523,2,0,2,2
rare_reference_c0.99_m1.5_a1_moderate0,rare_reference,0.99,1.5,1.0,False,2,2,2,0.8234,0.7931950490401809,0.5437828898429871,2,0,2,2
rare_reference_c0.99_m1.5_a2_moderate0,rare_reference,0.99,1.5,2.0,False,2,2,2,0.8234,0.7931950490401809,0.5437045693397522,2,0,2,2
rare_reference_c0.99_m1.5_a4_moderate0,rare_reference,0.99,1.5,4.0,False,2,2,2,0.8234,0.7931950490401809,0.5436927676200867,2,0,2,2
rare_reference_c0.99_m1.5_a8_moderate0,rare_reference,0.99,1.5,8.0,False,2,2,2,0.8234,0.7931950490401809,0.5436925888061523,2,0,2,2
competition_only_c0.975_m0.5_a2_moderate1,competition_only,0.975,0.5,2.0,True,10,10,2,0.8232,0.7948126329442655,0.5478698015213013,4,3,1,10
competition_only_c0.975_m0.5_a4_moderate1,competition_only,0.975,0.5,4.0,True,10,10,2,0.8232,0.7948126329442655,0.5548242330551147,4,3,1,10
competition_only_c0.975_m0.5_a8_moderate1,competition_only,0.975,0.5,8.0,True,10,10,2,0.8232,0.7948126329442655,0.5675423741340637,4,3,1,10
competition_only_c0.95_m1_a2_moderate1,competition_only,0.95,1.0,2.0,True,14,14,1,0.8232,0.7947932200235207,0.5483691692352295,6,5,1,14
competition_only_c0.95_m1_a4_moderate1,competition_only,0.95,1.0,4.0,True,14,14,1,0.8232,0.7947932200235207,0.5574743151664734,6,5,1,14
competition_only_c0.95_m1_a8_moderate1,competition_only,0.95,1.0,8.0,True,14,14,1,0.8232,0.7947932200235207,0.5751311779022217,6,5,1,14
rare_reference_c0.9_m0.5_a1_moderate0,rare_reference,0.9,0.5,1.0,False,22,22,3,0.8232,0.7941372145307396,0.5442858338356018,8,7,1,21
rare_reference_c0.9_m1_a1_moderate1,rare_reference,0.9,1.0,1.0,True,26,26,2,0.8232,0.7940863340464692,0.5446305871009827,10,9,1,24
competition_only_c0.95_m0.5_a1_moderate0,competition_only,0.95,0.5,1.0,False,10,10,3,0.8232,0.7940689871972073,0.5440678000450134,4,3,1,9
competition_only_c0.99_m0.5_a1_moderate1,competition_only,0.99,0.5,1.0,True,6,6,2,0.8232,0.7940618276728431,0.5447078943252563,3,2,1,6
competition_only_c0.99_m1_a1_moderate1,competition_only,0.99,1.0,1.0,True,6,6,2,0.8232,0.7940618276728431,0.5447078943252563,3,2,1,6
competition_only_c0.99_m1.5_a1_moderate1,competition_only,0.99,1.5,1.0,True,6,6,2,0.8232,0.7940618276728431,0.5447078943252563,3,2,1,6
competition_only_c0.975_m1_a1_moderate1,competition_only,0.975,1.0,1.0,True,8,8,2,0.8232,0.7940541812726204,0.544320821762085,3,2,1,7
competition_only_c0.975_m1.5_a1_moderate1,competition_only,0.975,1.5,1.0,True,8,8,2,0.8232,0.7940541812726204,0.544320821762085,3,2,1,7
competition_only_c0.9_m1_a1_moderate0,competition_only,0.9,1.0,1.0,False,20,20,3,0.8232,0.7940336810707623,0.5442715883255005,8,7,1,19
competition_only_c0.95_m1.5_a1_moderate1,competition_only,0.95,1.5,1.0,True,10,10,1,0.8232,0.7940318238047841,0.5444658994674683,4,3,1,9
rare_reference_c0.95_m1.5_a1_moderate1,rare_reference,0.95,1.5,1.0,True,10,10,1,0.8232,0.7940318238047841,0.5444275140762329,4,3,1,9
competition_only_c0.99_m0.5_a2_moderate1,competition_only,0.99,0.5,2.0,True,6,6,2,0.8232,0.794027955490643,0.5463873744010925,3,2,1,6
competition_only_c0.99_m0.5_a4_moderate1,competition_only,0.99,0.5,4.0,True,6,6,2,0.8232,0.794027955490643,0.5503190159797668,3,2,1,6
competition_only_c0.99_m0.5_a8_moderate1,competition_only,0.99,0.5,8.0,True,6,6,2,0.8232,0.794027955490643,0.5571697950363159,3,2,1,6
competition_only_c0.99_m1_a2_moderate1,competition_only,0.99,1.0,2.0,True,6,6,2,0.8232,0.794027955490643,0.5463873744010925,3,2,1,6
competition_only_c0.99_m1_a4_moderate1,competition_only,0.99,1.0,4.0,True,6,6,2,0.8232,0.794027955490643,0.5503190159797668,3,2,1,6
competition_only_c0.99_m1_a8_moderate1,competition_only,0.99,1.0,8.0,True,6,6,2,0.8232,0.794027955490643,0.5571697950363159,3,2,1,6
competition_only_c0.99_m1.5_a2_moderate1,competition_only,0.99,1.5,2.0,True,6,6,2,0.8232,0.794027955490643,0.5463873744010925,3,2,1,6
competition_only_c0.99_m1.5_a4_moderate1,competition_only,0.99,1.5,4.0,True,6,6,2,0.8232,0.794027955490643,0.5503190159797668,3,2,1,6
competition_only_c0.99_m1.5_a8_moderate1,competition_only,0.99,1.5,8.0,True,6,6,2,0.8232,0.794027955490643,0.5571697950363159,3,2,1,6
rare_reference_c0.95_m1_a1_moderate1,rare_reference,0.95,1.0,1.0,True,13,13,1,0.8232,0.7940268718573154,0.5444345474243164,5,4,1,12
rare_reference_c0.975_m0.5_a1_moderate1,rare_reference,0.975,0.5,1.0,True,9,9,1,0.8232,0.7939926127613258,0.5446047782897949,3,2,1,8
rare_reference_c0.99_m0.5_a1_moderate1,rare_reference,0.99,0.5,1.0,True,4,4,1,0.8232,0.7931160539901653,0.5445810556411743,2,1,1,4
rare_reference_c0.99_m0.5_a2_moderate1,rare_reference,0.99,0.5,2.0,True,4,4,1,0.8232,0.7931160539901653,0.5456711649894714,2,1,1,4
rare_reference_c0.99_m0.5_a4_moderate1,rare_reference,0.99,0.5,4.0,True,4,4,1,0.8232,0.7931160539901653,0.5480557680130005,2,1,1,4
rare_reference_c0.99_m0.5_a8_moderate1,rare_reference,0.99,0.5,8.0,True,4,4,1,0.8232,0.7931160539901653,0.5521303415298462,2,1,1,4
rare_reference_c0.99_m1_a1_moderate1,rare_reference,0.99,1.0,1.0,True,4,4,1,0.8232,0.7931160539901653,0.5445810556411743,2,1,1,4
rare_reference_c0.99_m1_a2_moderate1,rare_reference,0.99,1.0,2.0,True,4,4,1,0.8232,0.7931160539901653,0.5456711649894714,2,1,1,4
rare_reference_c0.99_m1_a4_moderate1,rare_reference,0.99,1.0,4.0,True,4,4,1,0.8232,0.7931160539901653,0.5480557680130005,2,1,1,4
rare_reference_c0.99_m1_a8_moderate1,rare_reference,0.99,1.0,8.0,True,4,4,1,0.8232,0.7931160539901653,0.5521303415298462,2,1,1,4
rare_reference_c0.99_m1.5_a1_moderate1,rare_reference,0.99,1.5,1.0,True,4,4,1,0.8232,0.7931160539901653,0.5445810556411743,2,1,1,4
rare_reference_c0.99_m1.5_a2_moderate1,rare_reference,0.99,1.5,2.0,True,4,4,1,0.8232,0.7931160539901653,0.5456711649894714,2,1,1,4
rare_reference_c0.99_m1.5_a4_moderate1,rare_reference,0.99,1.5,4.0,True,4,4,1,0.8232,0.7931160539901653,0.5480557680130005,2,1,1,4
rare_reference_c0.99_m1.5_a8_moderate1,rare_reference,0.99,1.5,8.0,True,4,4,1,0.8232,0.7931160539901653,0.5521303415298462,2,1,1,4
competition_only_c0.9_m0.5_a2_moderate0,competition_only,0.9,0.5,2.0,False,27,27,2,0.823,0.794747971478554,0.5506191253662109,9,9,0,27
competition_only_c0.9_m0.5_a4_moderate0,competition_only,0.9,0.5,4.0,False,27,27,2,0.823,0.794747971478554,0.5653406977653503,9,9,0,27
competition_only_c0.9_m0.5_a8_moderate0,competition_only,0.9,0.5,8.0,False,27,27,2,0.823,0.794747971478554,0.5953783392906189,9,9,0,27
competition_only_c0.9_m1_a2_moderate1,competition_only,0.9,1.0,2.0,True,29,29,3,0.823,0.7947035172320563,0.551637589931488,11,11,0,29
competition_only_c0.9_m1_a4_moderate1,competition_only,0.9,1.0,4.0,True,29,29,3,0.823,0.7947035172320563,0.5682319402694702,11,11,0,29
competition_only_c0.9_m1_a8_moderate1,competition_only,0.9,1.0,8.0,True,29,29,3,0.823,0.7947035172320563,0.6017161011695862,11,11,0,29
competition_only_c0.95_m1_a1_moderate1,competition_only,0.95,1.0,1.0,True,14,14,1,0.823,0.7939624641316377,0.5448436737060547,5,5,0,13
competition_only_c0.975_m0.5_a1_moderate1,competition_only,0.975,0.5,1.0,True,10,10,1,0.823,0.7939621002413128,0.5449714064598083,3,3,0,9
competition_only_c0.9_m1_a1_moderate1,competition_only,0.9,1.0,1.0,True,29,29,2,0.8228,0.7939170956862861,0.5452807545661926,10,11,-1,27
competition_only_c0.9_m0.5_a1_moderate0,competition_only,0.9,0.5,1.0,False,27,27,2,0.8228,0.7939065364996358,0.5449258685112,8,9,-1,26
rare_reference_c0.95_m0.5_a2_moderate1,rare_reference,0.95,0.5,2.0,True,18,19,1,0.8226,0.7946208748673765,0.5513933300971985,6,8,-2,18
rare_reference_c0.95_m0.5_a4_moderate1,rare_reference,0.95,0.5,4.0,True,18,19,1,0.8226,0.7946208748673765,0.5649545192718506,6,8,-2,18
rare_reference_c0.95_m0.5_a8_moderate1,rare_reference,0.95,0.5,8.0,True,18,19,1,0.8226,0.7946208748673765,0.5918338894844055,6,8,-2,18
rare_reference_c0.95_m0.5_a1_moderate1,rare_reference,0.95,0.5,1.0,True,18,19,1,0.8226,0.7938426090583459,0.545900285243988,5,7,-2,16
rare_reference_c0.9_m0.5_a2_moderate1,rare_reference,0.9,0.5,2.0,True,34,35,1,0.8224,0.794600019317039,0.5550823211669922,11,14,-3,34
rare_reference_c0.9_m0.5_a4_moderate1,rare_reference,0.9,0.5,4.0,True,34,35,1,0.8224,0.794600019317039,0.5767781138420105,11,14,-3,34
rare_reference_c0.9_m0.5_a8_moderate1,rare_reference,0.9,0.5,8.0,True,34,35,1,0.8224,0.794600019317039,0.6207695007324219,11,14,-3,34
competition_only_c0.95_m0.5_a2_moderate1,competition_only,0.95,0.5,2.0,True,19,20,0,0.8224,0.7945568987208664,0.5524852275848389,6,9,-3,19
competition_only_c0.95_m0.5_a4_moderate1,competition_only,0.95,0.5,4.0,True,19,20,0,0.8224,0.7945568987208664,0.5675451755523682,6,9,-3,19
competition_only_c0.95_m0.5_a8_moderate1,competition_only,0.95,0.5,8.0,True,19,20,0,0.8224,0.7945568987208664,0.5969765782356262,6,9,-3,19
rare_reference_c0.9_m0.5_a1_moderate1,rare_reference,0.9,0.5,1.0,True,34,35,1,0.8224,0.7938664041138068,0.5464498996734619,10,13,-3,31
competition_only_c0.95_m0.5_a1_moderate1,competition_only,0.95,0.5,1.0,True,19,20,0,0.8224,0.7937781820013348,0.5463093519210815,5,8,-3,17
competition_only_c0.9_m0.5_a2_moderate1,competition_only,0.9,0.5,2.0,True,39,40,1,0.822,0.7943602554678173,0.5572360157966614,11,16,-5,39
competition_only_c0.9_m0.5_a4_moderate1,competition_only,0.9,0.5,4.0,True,39,40,1,0.822,0.7943602554678173,0.5827090740203857,11,16,-5,39
competition_only_c0.9_m0.5_a8_moderate1,competition_only,0.9,0.5,8.0,True,39,40,1,0.822,0.7943602554678173,0.634138286113739,11,16,-5,39
competition_only_c0.9_m0.5_a1_moderate1,competition_only,0.9,0.5,1.0,True,39,40,1,0.822,0.7936364784142023,0.5470899939537048,10,15,-5,36
